Producto,URL Ficha Tecnica,PDF Existe
AGRIMY CU® 100,https://gusltena91.github.io/fichaspti/?p=agrimy-cu-100,SI
AGRIMY CU® 500,https://gusltena91.github.io/fichaspti/?p=agrimy-cu-500,SI
AMINOFIT®  XTRA,https://gusltena91.github.io/fichaspti/?p=aminofit-xtra,SI
AMINOFIT® KBorCa,https://gusltena91.github.io/fichaspti/?p=aminofit-kborca,SI
ANIBAC® 580,https://gusltena91.github.io/fichaspti/?p=anibac-580,SI
ANIBAC® CITRICO,https://gusltena91.github.io/fichaspti/?p=anibac-citrico,SI
ANIBAC® PLUS,https://gusltena91.github.io/fichaspti/?p=anibac-plus,SI
BIO-DIE®,https://gusltena91.github.io/fichaspti/?p=bio-die,SI
BIO-Stick®,https://gusltena91.github.io/fichaspti/?p=bio-stick,SI
Bio Punch®,https://gusltena91.github.io/fichaspti/?p=bio-punch,SI
CITROIL®,https://gusltena91.github.io/fichaspti/?p=citroil,SI
CORAZA® 720 S,https://gusltena91.github.io/fichaspti/?p=coraza-720-s,SI
CU-BACK ®,https://gusltena91.github.io/fichaspti/?p=cu-back,SI
CURISTIN ®,https://gusltena91.github.io/fichaspti/?p=curistin,SI
ControNat,https://gusltena91.github.io/fichaspti/?p=contronat,SI
FANATO LXX ®,https://gusltena91.github.io/fichaspti/?p=fanato-lxx,SI
MOLUS® DIE,https://gusltena91.github.io/fichaspti/?p=molus-die,SI
NATURAL KING,https://gusltena91.github.io/fichaspti/?p=natural-king,SI
NUTRIPRO ® BIO,https://gusltena91.github.io/fichaspti/?p=nutripro-bio,SI
NUTRIPRO ® ENERGY,https://gusltena91.github.io/fichaspti/?p=nutripro-energy,SI
NUTRIPRO ® MIX,https://gusltena91.github.io/fichaspti/?p=nutripro-mix,SI
NUTRIPRO®  XTRA ALGA,https://gusltena91.github.io/fichaspti/?p=nutripro-xtra-alga,SI
NUTRIPRO® BRASSINAL,https://gusltena91.github.io/fichaspti/?p=nutripro-brassinal,SI
NUTRIPRO® CaB,https://gusltena91.github.io/fichaspti/?p=nutripro-cab,SI
NUTRIPRO® FORTE,https://gusltena91.github.io/fichaspti/?p=nutripro-forte,SI
NUTRIPRO® KMg,https://gusltena91.github.io/fichaspti/?p=nutripro-kmg,SI
NUTRIPRO® TRIHORMONAL,https://gusltena91.github.io/fichaspti/?p=nutripro-trihormonal,SI
PROBAC BS,https://gusltena91.github.io/fichaspti/?p=probac-bs,SI
PROGRANIC ®  OIL PREMIUM,https://gusltena91.github.io/fichaspti/?p=progranic-oil-premium,SI
PROGRANIC ® CINNACAR,https://gusltena91.github.io/fichaspti/?p=progranic-cinnacar,SI
PROGRANIC ® CITRUS,https://gusltena91.github.io/fichaspti/?p=progranic-citrus,SI
PROGRANIC ® DELPHINUS,https://gusltena91.github.io/fichaspti/?p=progranic-delphinus,SI
PROGRANIC ® MEGA,https://gusltena91.github.io/fichaspti/?p=progranic-mega,SI
PROGRANIC ® SIGMA,,NO
PROGRANIC®  OMEGA,https://gusltena91.github.io/fichaspti/?p=progranic-omega,SI
PROGRANIC® ALFA,https://gusltena91.github.io/fichaspti/?p=progranic-alfa,SI
PROGRANIC® GAMMA,https://gusltena91.github.io/fichaspti/?p=progranic-gamma,SI
PROGRANIC® INSECT-OUT,https://gusltena91.github.io/fichaspti/?p=progranic-insect-out,SI
PROGRANIC® MIX-TOP,https://gusltena91.github.io/fichaspti/?p=progranic-mix-top,SI
PROGRANIC® NEEMACAR CE,https://gusltena91.github.io/fichaspti/?p=progranic-neemacar-ce,SI
PROGRANIC® NIMICIDE 80,https://gusltena91.github.io/fichaspti/?p=progranic-nimicide-80,SI
PROGRANIC® PIRETRO,https://gusltena91.github.io/fichaspti/?p=progranic-piretro,SI
PROGREEN® NEMA-DIE,https://gusltena91.github.io/fichaspti/?p=progreen-nema-die,SI
PROGROW ® 20 NPK,https://gusltena91.github.io/fichaspti/?p=progrow-20npk,SI
PROGROW ® ACTIVADOR,https://gusltena91.github.io/fichaspti/?p=progrow-activador,SI
PROGROW ® ENRAIZADOR,https://gusltena91.github.io/fichaspti/?p=progrow-enraizador,SI
PROGROW ® P37,https://gusltena91.github.io/fichaspti/?p=progrow-p37,SI
PROGROW ® ZN ESPECIAL,https://gusltena91.github.io/fichaspti/?p=progrow-zn-especial,SI
PROLUX ®,https://gusltena91.github.io/fichaspti/?p=prolux,SI
PROLUX ® ADHERENTE,https://gusltena91.github.io/fichaspti/?p=prolux-adherente,SI
PROLUX ® PLUS PH,https://gusltena91.github.io/fichaspti/?p=prolux-plus-ph,SI
PROLUX ® ULTRA,https://gusltena91.github.io/fichaspti/?p=prolux-ultra,SI
PROMYL ®,https://gusltena91.github.io/fichaspti/?p=promyl,SI
PRONTIUS ®,https://gusltena91.github.io/fichaspti/?p=prontius,SI
PRONTIUS ® 500 SC,https://gusltena91.github.io/fichaspti/?p=prontius-500-sc,SI
PROWET ® CL,https://gusltena91.github.io/fichaspti/?p=prowet-cl,SI
PROWET® BIO ADHER,https://gusltena91.github.io/fichaspti/?p=prowet-bio-adher,SI
PROWET® BIO-pH,https://gusltena91.github.io/fichaspti/?p=prowet-bio-ph,SI
PROWET® Biodyna,https://gusltena91.github.io/fichaspti/?p=prowet-biodyna,SI
PROWET® OVI-DIE,https://gusltena91.github.io/fichaspti/?p=prowet-ovi-die,SI
PROWET® PINE OIL,https://gusltena91.github.io/fichaspti/?p=prowet-pine-oil,SI
PROWET® SA,https://gusltena91.github.io/fichaspti/?p=prowet-sa,SI
PROZYCAR ® 50 PH,https://gusltena91.github.io/fichaspti/?p=prozycar-50-ph,SI
PROZYCAR ® 500 F,https://gusltena91.github.io/fichaspti/?p=prozycar-500-f,SI
PTIStrobin 25 CE,https://gusltena91.github.io/fichaspti/?p=ptistrobin-25-ce,SI
ROBUST R ®,https://gusltena91.github.io/fichaspti/?p=robust-r,SI
SANIBAC GEL,,NO
SPECTRUM® BEA B,https://gusltena91.github.io/fichaspti/?p=spectrum-bea-b,SI
SPECTRUM® META A,https://gusltena91.github.io/fichaspti/?p=spectrum-meta-a,SI
SPECTRUM® MICO RADIX,https://gusltena91.github.io/fichaspti/?p=spectrum-mico-radix,SI
SPECTRUM® PAE L,https://gusltena91.github.io/fichaspti/?p=spectrum-pae-l,SI
SPECTRUM® TRICO-BIO,https://gusltena91.github.io/fichaspti/?p=spectrum-trico-bio,SI
TERRA 5% CU,https://gusltena91.github.io/fichaspti/?p=terra-5-cu,SI
TURAL,https://gusltena91.github.io/fichaspti/?p=tural,SI
ULTRABIN 25 SC,https://gusltena91.github.io/fichaspti/?p=ultrabin-25-sc,SI
ULTRALUX N,https://gusltena91.github.io/fichaspti/?p=ultralux-n,SI
ULTRALUX S,https://gusltena91.github.io/fichaspti/?p=ultralux-s,SI
