Producto,Slug Wix,Slug PDF,URL Formulario,URL PDF Directa,Tiene PDF
AGRIMY CU® 100,agrimy-cu®-100,agrimy-cu-100,?p=agrimy-cu-100,releases/download/v1/agrimy-cu-100.pdf,SI
AGRIMY CU® 500,agrimy-cu®-500,agrimy-cu-500,?p=agrimy-cu-500,releases/download/v1/agrimy-cu-500.pdf,SI
AMINOFIT®  XTRA,aminofit-xtra,aminofit-xtra,?p=aminofit-xtra,releases/download/v1/aminofit-xtra.pdf,SI
AMINOFIT® KBorCa,aminofit-kborca,aminofit-kborca,?p=aminofit-kborca,releases/download/v1/aminofit-kborca.pdf,SI
ANIBAC® 580,anibac®-580,anibac-580,?p=anibac-580,releases/download/v1/anibac-580.pdf,SI
ANIBAC® CITRICO,anibac®-citrico,anibac-citrico,?p=anibac-citrico,releases/download/v1/anibac-citrico.pdf,SI
ANIBAC® PLUS,anibac®-plus,anibac-plus,?p=anibac-plus,releases/download/v1/anibac-plus.pdf,SI
BIO-DIE®,bio-die,bio-die,?p=bio-die,releases/download/v1/bio-die.pdf,SI
BIO-Stick®,bio-stick,bio-stick,?p=bio-stick,releases/download/v1/bio-stick.pdf,SI
Bio Punch®,bio-punch®,bio-punch,?p=bio-punch,releases/download/v1/bio-punch.pdf,SI
CITROIL®,citroil,citroil,?p=citroil,releases/download/v1/citroil.pdf,SI
CORAZA® 720 S,coraza®-720-s,coraza-720-s,?p=coraza-720-s,releases/download/v1/coraza-720-s.pdf,SI
CU-BACK ®,cu-back-®,cu-back,?p=cu-back,releases/download/v1/cu-back.pdf,SI
CURISTIN ®,curistin-®,curistin,?p=curistin,releases/download/v1/curistin.pdf,SI
ControNat,contronat,contronat,?p=contronat,releases/download/v1/contronat.pdf,SI
FANATO LXX ®,fanato-lxx-®,fanato-lxx,?p=fanato-lxx,releases/download/v1/fanato-lxx.pdf,SI
MOLUS® DIE,molus-die,molus-die,?p=molus-die,releases/download/v1/molus-die.pdf,SI
NATURAL KING,natural-king,natural-king,?p=natural-king,releases/download/v1/natural-king.pdf,SI
NUTRIPRO ® BIO,nutripro-bio,nutripro-bio,?p=nutripro-bio,releases/download/v1/nutripro-bio.pdf,SI
NUTRIPRO ® ENERGY,nutripro-energy,nutripro-energy,?p=nutripro-energy,releases/download/v1/nutripro-energy.pdf,SI
NUTRIPRO ® MIX,nutripro-mix,nutripro-mix,?p=nutripro-mix,releases/download/v1/nutripro-mix.pdf,SI
NUTRIPRO®  XTRA ALGA,nutripro-xtra-alga,nutripro-xtra-alga,?p=nutripro-xtra-alga,releases/download/v1/nutripro-xtra-alga.pdf,SI
NUTRIPRO® BRASSINAL,nutripro-brassinal,nutripro-brassinal,?p=nutripro-brassinal,releases/download/v1/nutripro-brassinal.pdf,SI
NUTRIPRO® CaB,nutripro-cab,nutripro-cab,?p=nutripro-cab,releases/download/v1/nutripro-cab.pdf,SI
NUTRIPRO® FORTE,nutripro-forte,nutripro-forte,?p=nutripro-forte,releases/download/v1/nutripro-forte.pdf,SI
NUTRIPRO® KMg,nutripro-kmg,nutripro-kmg,?p=nutripro-kmg,releases/download/v1/nutripro-kmg.pdf,SI
NUTRIPRO® TRIHORMONAL,nutripro-trihormonal,nutripro-trihormonal,?p=nutripro-trihormonal,releases/download/v1/nutripro-trihormonal.pdf,SI
PROBAC BS,probac-bs,probac-bs,?p=probac-bs,releases/download/v1/probac-bs.pdf,SI
PROGRANIC ®  OIL PREMIUM,progranic-oil-premium,progranic-oil-premium,?p=progranic-oil-premium,releases/download/v1/progranic-oil-premium.pdf,SI
PROGRANIC ® CINNACAR,progranic-cinnacar,progranic-cinnacar,?p=progranic-cinnacar,releases/download/v1/progranic-cinnacar.pdf,SI
PROGRANIC ® CITRUS,progranic-citrus,progranic-citrus,?p=progranic-citrus,releases/download/v1/progranic-citrus.pdf,SI
PROGRANIC ® DELPHINUS,progranic-delphinus,progranic-delphinus,?p=progranic-delphinus,releases/download/v1/progranic-delphinus.pdf,SI
PROGRANIC ® MEGA,progranic-mega,progranic-mega,?p=progranic-mega,releases/download/v1/progranic-mega.pdf,SI
PROGRANIC ® SIGMA,progranic-®-sigma,progranic-sigma,,,NO
PROGRANIC®  OMEGA,progranic-omega,progranic-omega,?p=progranic-omega,releases/download/v1/progranic-omega.pdf,SI
PROGRANIC® ALFA,progranic-alfa,progranic-alfa,?p=progranic-alfa,releases/download/v1/progranic-alfa.pdf,SI
PROGRANIC® GAMMA,progranic-gamma,progranic-gamma,?p=progranic-gamma,releases/download/v1/progranic-gamma.pdf,SI
PROGRANIC® INSECT-OUT,progranic®-insect-out,progranic-insect-out,?p=progranic-insect-out,releases/download/v1/progranic-insect-out.pdf,SI
PROGRANIC® MIX-TOP,progranic-mix-top,progranic-mix-top,?p=progranic-mix-top,releases/download/v1/progranic-mix-top.pdf,SI
PROGRANIC® NEEMACAR CE,progranic-neemacar-ce,progranic-neemacar-ce,?p=progranic-neemacar-ce,releases/download/v1/progranic-neemacar-ce.pdf,SI
PROGRANIC® NIMICIDE 80,progranic-nimicide-80,progranic-nimicide-80,?p=progranic-nimicide-80,releases/download/v1/progranic-nimicide-80.pdf,SI
PROGRANIC® PIRETRO,progranic-piretro,progranic-piretro,?p=progranic-piretro,releases/download/v1/progranic-piretro.pdf,SI
PROGREEN® NEMA-DIE,progreen-nema-die,progreen-nema-die,?p=progreen-nema-die,releases/download/v1/progreen-nema-die.pdf,SI
PROGROW ® 20 NPK,progrow-20npk,progrow-20npk,?p=progrow-20npk,releases/download/v1/progrow-20npk.pdf,SI
PROGROW ® ACTIVADOR,progrow-activador,progrow-activador,?p=progrow-activador,releases/download/v1/progrow-activador.pdf,SI
PROGROW ® ENRAIZADOR,progrow-enraizador,progrow-enraizador,?p=progrow-enraizador,releases/download/v1/progrow-enraizador.pdf,SI
PROGROW ® P37,progrow-p37,progrow-p37,?p=progrow-p37,releases/download/v1/progrow-p37.pdf,SI
PROGROW ® ZN ESPECIAL,progrow-zn-especial,progrow-zn-especial,?p=progrow-zn-especial,releases/download/v1/progrow-zn-especial.pdf,SI
PROLUX ®,prolux-®,prolux,?p=prolux,releases/download/v1/prolux.pdf,SI
PROLUX ® ADHERENTE,prolux-®-adherente,prolux-adherente,?p=prolux-adherente,releases/download/v1/prolux-adherente.pdf,SI
PROLUX ® PLUS PH,prolux-®-plus-ph,prolux-plus-ph,?p=prolux-plus-ph,releases/download/v1/prolux-plus-ph.pdf,SI
PROLUX ® ULTRA,prolux-®-ultra,prolux-ultra,?p=prolux-ultra,releases/download/v1/prolux-ultra.pdf,SI
PROMYL ®,promyl-®,promyl,?p=promyl,releases/download/v1/promyl.pdf,SI
PRONTIUS ®,prontius-®,prontius,?p=prontius,releases/download/v1/prontius.pdf,SI
PRONTIUS ® 500 SC,prontius-®-500-sc,prontius-500-sc,?p=prontius-500-sc,releases/download/v1/prontius-500-sc.pdf,SI
PROWET ® CL,prowet-®-cl,prowet-cl,?p=prowet-cl,releases/download/v1/prowet-cl.pdf,SI
PROWET® BIO ADHER,prowet-®-bio-adher,prowet-bio-adher,?p=prowet-bio-adher,releases/download/v1/prowet-bio-adher.pdf,SI
PROWET® BIO-pH,prowet-®-bio-ph,prowet-bio-ph,?p=prowet-bio-ph,releases/download/v1/prowet-bio-ph.pdf,SI
PROWET® Biodyna,prowet-biodyna,prowet-biodyna,?p=prowet-biodyna,releases/download/v1/prowet-biodyna.pdf,SI
PROWET® OVI-DIE,prowet-ovi-die,prowet-ovi-die,?p=prowet-ovi-die,releases/download/v1/prowet-ovi-die.pdf,SI
PROWET® PINE OIL,prowet-pine-oil,prowet-pine-oil,?p=prowet-pine-oil,releases/download/v1/prowet-pine-oil.pdf,SI
PROWET® SA,prowet-®-sa,prowet-sa,?p=prowet-sa,releases/download/v1/prowet-sa.pdf,SI
PROZYCAR ® 50 PH,prozycar-®-50-ph,prozycar-50-ph,?p=prozycar-50-ph,releases/download/v1/prozycar-50-ph.pdf,SI
PROZYCAR ® 500 F,prozycar-®-500-f,prozycar-500-f,?p=prozycar-500-f,releases/download/v1/prozycar-500-f.pdf,SI
PTIStrobin 25 CE,ptistrobin-25-ce,ptistrobin-25-ce,?p=ptistrobin-25-ce,releases/download/v1/ptistrobin-25-ce.pdf,SI
ROBUST R ®,robust-r-®,robust-r,?p=robust-r,releases/download/v1/robust-r.pdf,SI
SANIBAC GEL,sanibac-gel,sanibac-gel,,,NO
SPECTRUM® BEA B,spectrum-bea-b,spectrum-bea-b,?p=spectrum-bea-b,releases/download/v1/spectrum-bea-b.pdf,SI
SPECTRUM® META A,spectrum-meta-a,spectrum-meta-a,?p=spectrum-meta-a,releases/download/v1/spectrum-meta-a.pdf,SI
SPECTRUM® MICO RADIX,spectrum-mico-radix,spectrum-mico-radix,?p=spectrum-mico-radix,releases/download/v1/spectrum-mico-radix.pdf,SI
SPECTRUM® PAE L,spectrum-pae-l,spectrum-pae-l,?p=spectrum-pae-l,releases/download/v1/spectrum-pae-l.pdf,SI
SPECTRUM® TRICO-BIO,spectrum-trico-bio,spectrum-trico-bio,?p=spectrum-trico-bio,releases/download/v1/spectrum-trico-bio.pdf,SI
TERRA 5% CU,terra-5%-cu,terra-5%-cu,,,NO
TURAL,tural,tural,?p=tural,releases/download/v1/tural.pdf,SI
ULTRABIN 25 SC,ultrabin-25-sc,ultrabin-25-sc,?p=ultrabin-25-sc,releases/download/v1/ultrabin-25-sc.pdf,SI
ULTRALUX N,ultralux-n,ultralux-n,?p=ultralux-n,releases/download/v1/ultralux-n.pdf,SI
ULTRALUX S,ultralux-s,ultralux-s,?p=ultralux-s,releases/download/v1/ultralux-s.pdf,SI
